"","Group.1","Total.Geographical.Area.(in.Hectares)","Total.Households","Total.Population.of.Village","Total.Male.Population.of.Village","Total.Female.Population.of.Village","Wheat","Rice","Musturd","Others","Forest.Area.(in.Hectares)","Area.under.Non-Agricultural.Uses.(in.Hectares)","Barren.&.Un-cultivable.Land.Area.(in.Hectares)","Permanent.Pastures.and.Other.Grazing.Land.Area.(in.Hectares)","Land.Under.Miscellaneous.Tree.Crops.etc..Area.(in.Hectares)","Culturable.Waste.Land.Area.(in.Hectares)","Fallows.Land.other.than.Current.Fallows.Area.(in.Hectares)","Current.Fallows.Area.(in.Hectares)","Clusters"
"1",1,413.493112947658,308.694214876033,1684.18732782369,892.484848484848,791.702479338843,0.840220385674931,0.887052341597796,0.633608815426997,0,0.454545454545455,49.8484848484849,1.71074380165289,0.421487603305785,0.170798898071625,4.12121212121212,0.269972451790634,3.06060606060606,1
"2",2,303.997931747673,246.944157187177,1382.70010341262,731.581178903826,651.11892450879,0.957600827300931,0.781799379524302,0.00103412616339193,1,1.07549120992761,38.8552223371251,2.0382626680455,0.326783867631851,1.01861427094105,3.28438469493278,0.635987590486039,1.36297828335057,2
"3",3,450.134375,308.89375,1641.753125,864.784375,776.96875,0.9609375,0.0015625,0.996875,1,0.925,53.934375,3.4671875,0.665625,0.0671875,5.5890625,0.328125,2.409375,3
"4",4,601.307110438729,387.989409984871,2098.69742813918,1113.78517397882,984.912254160363,0.97428139183056,0.729198184568835,0.0680786686838124,0.990922844175492,4.53101361573374,87.3010590015129,2.42511346444781,0.767019667170953,1.00756429652042,4.93192133131619,0.266263237518911,4.6928895612708,4
