"","Group.1","Total.Geographical.Area.(in.Hectares)","Total.Households","Total.Population.of.Village","Total.Male.Population.of.Village","Total.Female.Population.of.Village","Well.Functioning","Hand.Pump.Functioning","Tube.Wells/Borehole.Functioning","River/Canal.Status","River/Canal.Functioning.All.round.the.year","Tank/Pond/Lake.Functioning.All.round.the.year","Net.Area.Sown.(in.Hectares)","Total.Unirrigated.Land.Area.(in.Hectares)","Area.Irrigated.by.Source.(in.Hectares)","Canals.Area.(in.Hectares)","Wells/Tube.Wells.Area.(in.Hectares)","Tanks/Lakes.Area.(in.Hectares)","Waterfall.Area.(in.Hectares)","Other.Source.(specify).Area.(in.Hectares)","Clusters"
"1",1,3099.23076923077,1974.77948717949,10585.2666666667,5629.62564102564,4955.64102564103,0.276923076923077,0.866666666666667,0.748717948717949,0.261538461538462,0.235897435897436,0.21025641025641,2737.15384615385,280.45641025641,2456.69743589744,1750.29743589744,703.230769230769,0,0,3.16923076923077,1
"2",2,1189.25,888.815533980582,4773.71601941748,2543.49757281553,2230.21844660194,0.507281553398058,0.774271844660194,0.779126213592233,1,0.949029126213592,0.655339805825243,1038.83495145631,89.0169902912621,949.817961165049,619.854368932039,328.76213592233,1.09223300970874,0,0.109223300970874,2
"3",3,893.386381631037,779.134600158353,4241.24228028504,2264.07363420428,1977.16864608076,0.186064924782264,1,0.761678543151227,0.0118764845605701,0,0.0641330166270784,755.003167062549,86.2232779097387,668.779889152811,345.940617577197,320.621536025337,0.398258115597783,0,1.81947743467933,3
"4",4,945.805491990847,746.04347826087,4058.65217391304,2150.40732265446,1908.24485125858,0.178489702517162,0.0022883295194508,0.819221967963387,0.0274599542334096,0,0.0892448512585812,797.173913043478,163.551487414188,633.622425629291,216.693363844394,415.439359267735,0.0732265446224256,0.0091533180778032,1.40732265446224,4
