"","Group.1","Total.Geographical.Area.(in.Hectares)","Total.Households","Total.Population.of.Village","Total.Male.Population.of.Village","Total.Female.Population.of.Village","Well.Functioning","Hand.Pump.Functioning","Tube.Wells/Borehole.Functioning","River/Canal.Status","River/Canal.Functioning.All.round.the.year","Tank/Pond/Lake.Functioning.All.round.the.year","Net.Area.Sown.(in.Hectares)","Total.Unirrigated.Land.Area.(in.Hectares)","Area.Irrigated.by.Source.(in.Hectares)","Canals.Area.(in.Hectares)","Wells/Tube.Wells.Area.(in.Hectares)","Tanks/Lakes.Area.(in.Hectares)","Waterfall.Area.(in.Hectares)","Other.Source.(specify).Area.(in.Hectares)","Clusters"
"1",1,282.922439759036,251.799698795181,1401.26957831325,741.103162650602,660.166415662651,0.163403614457831,0.706325301204819,0.829066265060241,0.0158132530120482,0,0.0617469879518072,227.634789156627,29.359186746988,198.275602409639,36.8659638554217,160.012801204819,0.472138554216867,0,0.924698795180723,1
"2",2,503.242537313433,380.555970149254,2041.22263681592,1081.05223880597,960.17039800995,0.140547263681592,0.610696517412935,0.850746268656716,0.0124378109452736,0,0.0597014925373134,421.216417910448,39.2848258706468,381.931592039801,61.0721393034826,319.912935323383,0.254975124378109,0.00124378109452736,0.690298507462687,2
"3",3,465.325,308.928571428571,1673.00714285714,884.260714285714,788.746428571429,0.521428571428571,0.721428571428571,0.846428571428571,1,0.957142857142857,0.617857142857143,395.564285714286,46.0964285714286,349.467857142857,143.914285714286,204.8,0,0.0107142857142857,0.742857142857143,3
"4",4,999.977168949772,356.835616438356,1899.18264840183,1005.2100456621,893.972602739726,0.237442922374429,0.680365296803653,0.611872146118721,0.141552511415525,0.132420091324201,0.114155251141553,894.803652968037,231.58904109589,663.214611872146,560.753424657534,102.456621004566,0,0,0.0045662100456621,4
