"","Group.1","Total.Geographical.Area.(in.Hectares)","Total.Households","Total.Population.of.Village","Total.Male.Population.of.Village","Total.Female.Population.of.Village","Well.Functioning","Hand.Pump.Functioning","Tube.Wells/Borehole.Functioning","River/Canal.Status","River/Canal.Functioning.All.round.the.year","Tank/Pond/Lake.Functioning.All.round.the.year","Net.Area.Sown.(in.Hectares)","Total.Unirrigated.Land.Area.(in.Hectares)","Area.Irrigated.by.Source.(in.Hectares)","Canals.Area.(in.Hectares)","Wells/Tube.Wells.Area.(in.Hectares)","Tanks/Lakes.Area.(in.Hectares)","Waterfall.Area.(in.Hectares)","Other.Source.(specify).Area.(in.Hectares)","Clusters"
"1",1,222.52752293578,130.639449541284,707.117431192661,373.222935779817,333.894495412844,0.16697247706422,0.721100917431193,0.86605504587156,0.0119266055045872,0,0.0697247706422018,183.266972477064,16.9899082568807,166.277064220183,27.2852293577982,138.049541284404,0.311926605504587,0,0.66697247706422,1
"2",2,171.439882697947,30.683284457478,170.184750733138,90.1099706744868,80.074780058651,0.0791788856304985,0.442815249266862,0.488269794721408,0.0117302052785924,0,0.0205278592375367,120.964809384164,13.549853372434,107.41495601173,25.1407624633431,80.3621700879765,0.410557184750733,0.032258064516129,1.4692082111437,2
"3",3,2225.1875,84.5,431.9375,233.4375,198.5,0.25,0.75,0.625,0.1875,0.125,0.125,1947.875,426.0625,1521.8125,1049.625,472.1875,0,0,0,3
"4",4,303.965217391304,110.739130434783,591.426086956522,312.75652173913,278.669565217391,0.478260869565217,0.695652173913043,0.860869565217391,1,0.947826086956522,0.469565217391304,261.84347826087,18.0260869565217,243.817391304348,106.582608695652,136.808695652174,0.0173913043478261,0,0.408695652173913,4
