Factor,Importance
Social,0.8316841293104641
Irrigation,0.05570215195353168
Health,0.045753657346852994
Education,0.03371358850682515
Agriculture,0.033146472882326104
